Dimension-1 Parameter,Dimension-1 Value,Dimension-2 Parameter,Dimension-2 Value,Coherence_NG3_L4_SS_L4_Sum_mean,GrCaus_NG3_L4_SS_L4_Information_mean,NormError_SimErr_mean,TransferEntropy_NG3_L4_SS_L4_TransfEntropy_mean
gL,1.0,gL_1,0.5,10.0646749711,2.78623967275,2.18751530666,0.0379660279781
gL,1.0,gL_1,1.5,9.3345632958,2.54416316359,1.95376213118,0.0398680852208
gL,1.0,gL_1,2.5,8.44675012931,2.30497811093,1.78641799719,0.0383351611239
gL,1.0,gL_1,3.5,7.81519725819,2.10928583107,1.58682949564,0.0368288923565
gL,1.0,gL_1,4.5,6.65581855925,1.67515436925,1.43402254383,0.0312481011914
gL,1.0,gL_1,5.5,6.00746067293,1.2376640184,1.3537384774,0.0278252362231
gL,1.0,gL_1,6.5,5.4392980223,0.685321788642,1.3485737289,0.0211595956761
gL,1.0,gL_1,7.5,5.07538841725,0.45910536807,1.3707590704,0.0199112607645
gL,1.0,gL_1,8.5,4.75255872409,0.05211553615,1.44118008365,0.0165723543229
gL,1.0,gL_1,9.5,4.67957776971,0.0162333423842,1.4400632094,0.00945729354179
gL,1.0,gL_1,10.5,4.6992209111,-0.0497086864825,1.41527996336,0.0049470355459
gL,1.0,gL_1,11.5,4.65223390725,-0.197111652061,1.35640676111,0.000655032682436
gL,1.0,gL_1,12.5,,,,0.0
gL,1.0,gL_1,13.5,,,,0.0
gL,1.0,gL_1,14.5,,,,0.0
gL,2.0,gL_1,0.5,11.334145302,3.15514607518,2.18227736342,0.0404339782137
gL,2.0,gL_1,1.5,10.1743590847,2.8283631866,1.97549671407,0.0384009640368
gL,2.0,gL_1,2.5,8.76549100251,2.44166093696,1.80466937484,0.0384260380092
gL,2.0,gL_1,3.5,7.95994988185,2.15020880154,1.59383119514,0.0372424242714
gL,2.0,gL_1,4.5,6.75040788596,1.70406813963,1.44580393024,0.0302346719115
gL,2.0,gL_1,5.5,6.04961387132,1.25149378898,1.35408252005,0.0276606379222
gL,2.0,gL_1,6.5,5.43603969077,0.661804271053,1.34773761466,0.0221158407189
gL,2.0,gL_1,7.5,5.06840245356,0.457997561303,1.36925776568,0.0195383931246
gL,2.0,gL_1,8.5,4.74766604302,-0.00207848017774,1.45452802325,0.016396996423
gL,2.0,gL_1,9.5,4.67957776971,0.0162333423842,1.4400632094,0.00945729354179
gL,2.0,gL_1,10.5,4.6992209111,-0.0497086864825,1.41527996336,0.0049470355459
gL,2.0,gL_1,11.5,4.65223390725,-0.197111652061,1.35640676111,0.000655032682436
gL,2.0,gL_1,12.5,,,,0.0
gL,2.0,gL_1,13.5,,,,0.0
gL,2.0,gL_1,14.5,,,,0.0
gL,3.0,gL_1,0.5,13.0845792641,3.55157154014,2.15320688735,0.0482659902743
gL,3.0,gL_1,1.5,11.0591282157,3.00631539402,2.04701210303,0.040643049598
gL,3.0,gL_1,2.5,9.27945410431,2.58824761173,1.85521267674,0.0409500627759
gL,3.0,gL_1,3.5,8.0610283082,2.24500047181,1.61263696754,0.0396175433362
gL,3.0,gL_1,4.5,6.78542664842,1.72997403716,1.44213552972,0.0333627897551
gL,3.0,gL_1,5.5,6.04242178422,1.25555722255,1.35598184864,0.0279404687708
gL,3.0,gL_1,6.5,5.44152187334,0.742460616404,1.36122223853,0.0228407687015
gL,3.0,gL_1,7.5,5.04729611683,0.457599763479,1.37309375377,0.019096041855
gL,3.0,gL_1,8.5,4.74770591603,-0.00203908871124,1.45452361981,0.016396996423
gL,3.0,gL_1,9.5,4.67957776971,0.0162333423842,1.4400632094,0.00945729354179
gL,3.0,gL_1,10.5,4.6992209111,-0.0497086864825,1.41527996336,0.0049470355459
gL,3.0,gL_1,11.5,4.65223390725,-0.197111652061,1.35640676111,0.000655032682436
gL,3.0,gL_1,12.5,,,,0.0
gL,3.0,gL_1,13.5,,,,0.0
gL,3.0,gL_1,14.5,,,,0.0
gL,4.0,gL_1,0.5,14.8344960007,4.01612442577,2.15072241982,0.0678158474276
gL,4.0,gL_1,1.5,12.2108919073,3.34491362125,2.07142221999,0.042670057487
gL,4.0,gL_1,2.5,9.84476907715,2.75124194847,1.86091115635,0.0381735565483
gL,4.0,gL_1,3.5,8.2012626794,2.26381886601,1.60219016688,0.0377845851315
gL,4.0,gL_1,4.5,6.85459222783,1.77433247932,1.44182312263,0.0337525564836
gL,4.0,gL_1,5.5,6.04956526578,1.30124658705,1.3611063455,0.0271735413404
gL,4.0,gL_1,6.5,5.42764581444,0.744405866771,1.35983819138,0.0218234805508
gL,4.0,gL_1,7.5,5.04341055087,0.447227794586,1.37505910312,0.0196612501788
gL,4.0,gL_1,8.5,4.74770591603,-0.00203908871124,1.45452361981,0.016396996423
gL,4.0,gL_1,9.5,4.67957776971,0.0162333423842,1.4400632094,0.00945729354179
gL,4.0,gL_1,10.5,4.6992209111,-0.0497086864825,1.41527996336,0.0049470355459
gL,4.0,gL_1,11.5,4.65223390725,-0.197111652061,1.35640676111,0.000655032682436
gL,4.0,gL_1,12.5,,,,0.0
gL,4.0,gL_1,13.5,,,,0.0
gL,4.0,gL_1,14.5,,,,0.0
gL,5.0,gL_1,0.5,15.7310475742,4.11673945087,2.03381272195,0.109292849485
gL,5.0,gL_1,1.5,12.8163631517,3.5192469912,1.91706980105,0.0479335691996
gL,5.0,gL_1,2.5,10.456373081,2.95326365587,1.87189116421,0.0391847243165
gL,5.0,gL_1,3.5,8.56380335494,2.39571961966,1.60759678597,0.0391378048486
gL,5.0,gL_1,4.5,6.86511735695,1.78374070757,1.43994462591,0.0325468324911
gL,5.0,gL_1,5.5,6.03742540933,1.29374774854,1.36094348573,0.0269367578633
gL,5.0,gL_1,6.5,5.42356029253,0.760991212551,1.36005904138,0.0213206425636
gL,5.0,gL_1,7.5,5.05562485294,0.458138545027,1.3749074353,0.0202789075295
gL,5.0,gL_1,8.5,4.74770591603,-0.00203908871124,1.45452361981,0.016396996423
gL,5.0,gL_1,9.5,4.67957776971,0.0162333423842,1.4400632094,0.00945729354179
gL,5.0,gL_1,10.5,4.6992209111,-0.0497086864825,1.41527996336,0.0049470355459
gL,5.0,gL_1,11.5,4.65223390725,-0.197111652061,1.35640676111,0.000655032682436
gL,5.0,gL_1,12.5,,,,0.0
gL,5.0,gL_1,13.5,,,,0.0
gL,5.0,gL_1,14.5,,,,0.0
gL,6.0,gL_1,0.5,15.8260918979,4.23213921113,2.04745628649,0.141525352133
gL,6.0,gL_1,1.5,13.3662399569,3.70488258714,1.88829933248,0.0775716668224
gL,6.0,gL_1,2.5,10.6622463299,3.02271313551,1.8103655739,0.04073347815
gL,6.0,gL_1,3.5,8.73413972497,2.4814229653,1.62368191121,0.0386281420935
gL,6.0,gL_1,4.5,6.90605428209,1.80580196823,1.43907910798,0.0333692367092
gL,6.0,gL_1,5.5,6.01028633513,1.28734564873,1.35481780362,0.028128667486
gL,6.0,gL_1,6.5,5.41829219247,0.771387305002,1.36402900223,0.0214638008731
gL,6.0,gL_1,7.5,5.05565391499,0.458139152746,1.37489984331,0.0202789075295
gL,6.0,gL_1,8.5,4.74770591603,-0.00203908871124,1.45452361981,0.016396996423
gL,6.0,gL_1,9.5,4.67957776971,0.0162333423842,1.4400632094,0.00945729354179
gL,6.0,gL_1,10.5,4.6992209111,-0.0497086864825,1.41527996336,0.0049470355459
gL,6.0,gL_1,11.5,4.65223390725,-0.197111652061,1.35640676111,0.000655032682436
gL,6.0,gL_1,12.5,,,,0.0
gL,6.0,gL_1,13.5,,,,0.0
gL,6.0,gL_1,14.5,,,,0.0
gL,7.0,gL_1,0.5,16.2036490815,4.23067512248,1.97638061527,0.162551557523
gL,7.0,gL_1,1.5,14.4180571831,3.80864097887,1.8456274196,0.109418615065
gL,7.0,gL_1,2.5,10.7648022454,3.10202118324,1.7615949425,0.040018661305
gL,7.0,gL_1,3.5,8.89606279406,2.52933344174,1.62165638372,0.0386475343913
gL,7.0,gL_1,4.5,6.94769273834,1.83122345404,1.44037555992,0.034014732101
gL,7.0,gL_1,5.5,6.04961960154,1.32792468506,1.35935639752,0.0287156309495
gL,7.0,gL_1,6.5,5.4136071824,0.771747312641,1.36764907416,0.022259346381
gL,7.0,gL_1,7.5,5.05565391499,0.458139152746,1.37489984331,0.0202789075295
gL,7.0,gL_1,8.5,4.74770591603,-0.00203908871124,1.45452361981,0.016396996423
gL,7.0,gL_1,9.5,4.67957776971,0.0162333423842,1.4400632094,0.00945729354179
gL,7.0,gL_1,10.5,4.6992209111,-0.0497086864825,1.41527996336,0.0049470355459
gL,7.0,gL_1,11.5,4.65223390725,-0.197111652061,1.35640676111,0.000655032682436
gL,7.0,gL_1,12.5,,,,0.0
gL,7.0,gL_1,13.5,,,,0.0
gL,7.0,gL_1,14.5,,,,0.0
gL,8.0,gL_1,0.5,15.9973926997,4.29395805062,1.93443267864,0.175243195329
gL,8.0,gL_1,1.5,13.9571368239,3.76368520956,1.81175054317,0.128510910361
gL,8.0,gL_1,2.5,11.1196202952,3.11470979947,1.80056103978,0.0547713491579
gL,8.0,gL_1,3.5,9.04896582873,2.55010641652,1.60899576416,0.0364752877253
gL,8.0,gL_1,4.5,7.02285034553,1.88055484481,1.43972564731,0.0335933534893
gL,8.0,gL_1,5.5,6.07717273883,1.33260371196,1.37638625204,0.0297592409441
gL,8.0,gL_1,6.5,5.41364168569,0.771609855173,1.36766468189,0.022259346381
gL,8.0,gL_1,7.5,5.05565391499,0.458139152746,1.37489984331,0.0202789075295
gL,8.0,gL_1,8.5,4.74770591603,-0.00203908871124,1.45452361981,0.016396996423
gL,8.0,gL_1,9.5,4.67957776971,0.0162333423842,1.4400632094,0.00945729354179
gL,8.0,gL_1,10.5,4.6992209111,-0.0497086864825,1.41527996336,0.0049470355459
gL,8.0,gL_1,11.5,4.65223390725,-0.197111652061,1.35640676111,0.000655032682436
gL,8.0,gL_1,12.5,,,,0.0
gL,8.0,gL_1,13.5,,,,0.0
gL,8.0,gL_1,14.5,,,,0.0
gL,9.0,gL_1,0.5,16.5565204179,4.70039659122,1.89736509528,0.201060493617
gL,9.0,gL_1,1.5,15.1260232898,4.11676751507,1.81196763978,0.159021325418
gL,9.0,gL_1,2.5,12.2835158487,3.45834434298,1.64361506788,0.0909652912087
gL,9.0,gL_1,3.5,9.02355230566,2.52286974705,1.57800073038,0.0403667176555
gL,9.0,gL_1,4.5,7.05402708091,1.90962341894,1.44203613197,0.0327278436662
gL,9.0,gL_1,5.5,6.09132221392,1.34882497094,1.37721256578,0.030684497534
gL,9.0,gL_1,6.5,5.41364168569,0.771609855173,1.36766468189,0.022259346381
gL,9.0,gL_1,7.5,5.05565391499,0.458139152746,1.37489984331,0.0202789075295
gL,9.0,gL_1,8.5,4.74770591603,-0.00203908871124,1.45452361981,0.016396996423
gL,9.0,gL_1,9.5,4.67957776971,0.0162333423842,1.4400632094,0.00945729354179
gL,9.0,gL_1,10.5,4.6992209111,-0.0497086864825,1.41527996336,0.0049470355459
gL,9.0,gL_1,11.5,4.65223390725,-0.197111652061,1.35640676111,0.000655032682436
gL,9.0,gL_1,12.5,,,,0.0
gL,9.0,gL_1,13.5,,,,0.0
gL,9.0,gL_1,14.5,,,,0.0
gL,10.0,gL_1,0.5,17.373031441,4.75422833122,1.89561703246,0.204044983326
gL,10.0,gL_1,1.5,15.4424593078,4.40239625552,1.75490243459,0.18388956255
gL,10.0,gL_1,2.5,12.3856403035,3.41664905183,1.64355650588,0.113577042093
gL,10.0,gL_1,3.5,9.07507460106,2.51665003818,1.56721919663,0.0412495414836
gL,10.0,gL_1,4.5,7.16153305855,1.89401228192,1.42226505318,0.0321420033912
gL,10.0,gL_1,5.5,6.09677600983,1.35244006746,1.37755415858,0.0305664319835
gL,10.0,gL_1,6.5,5.41364168569,0.771609855173,1.36766468189,0.022259346381
gL,10.0,gL_1,7.5,5.05565391499,0.458139152746,1.37489984331,0.0202789075295
gL,10.0,gL_1,8.5,4.74770591603,-0.00203908871124,1.45452361981,0.016396996423
gL,10.0,gL_1,9.5,4.67957776971,0.0162333423842,1.4400632094,0.00945729354179
gL,10.0,gL_1,10.5,4.6992209111,-0.0497086864825,1.41527996336,0.0049470355459
gL,10.0,gL_1,11.5,4.65223390725,-0.197111652061,1.35640676111,0.000655032682436
gL,10.0,gL_1,12.5,,,,0.0
gL,10.0,gL_1,13.5,,,,0.0
gL,10.0,gL_1,14.5,,,,0.0
gL,11.0,gL_1,0.5,17.5785288562,4.80104435713,1.83914966469,0.207232986136
gL,11.0,gL_1,1.5,15.7839118745,4.29101858771,1.68426687683,0.189976902142
gL,11.0,gL_1,2.5,12.3209244488,3.42979240724,1.59391576246,0.11372683986
gL,11.0,gL_1,3.5,8.96382809,2.38121376934,1.55708809646,0.048809955005
gL,11.0,gL_1,4.5,7.18027505978,1.90125262746,1.42366177127,0.0317408433152
gL,11.0,gL_1,5.5,6.09677600983,1.35244006746,1.37755415858,0.0305664319835
gL,11.0,gL_1,6.5,5.41364168569,0.771609855173,1.36766468189,0.022259346381
gL,11.0,gL_1,7.5,5.05565391499,0.458139152746,1.37489984331,0.0202789075295
gL,11.0,gL_1,8.5,4.74770591603,-0.00203908871124,1.45452361981,0.016396996423
gL,11.0,gL_1,9.5,4.67957776971,0.0162333423842,1.4400632094,0.00945729354179
gL,11.0,gL_1,10.5,4.6992209111,-0.0497086864825,1.41527996336,0.0049470355459
gL,11.0,gL_1,11.5,4.65223390725,-0.197111652061,1.35640676111,0.000655032682436
gL,11.0,gL_1,12.5,,,,0.0
gL,11.0,gL_1,13.5,,,,0.0
gL,11.0,gL_1,14.5,,,,0.0
gL,12.0,gL_1,0.5,18.2459904659,5.050574697,1.83240064159,0.205626469843
gL,12.0,gL_1,1.5,16.4266878619,4.60598517064,1.70818344862,0.196235404635
gL,12.0,gL_1,2.5,14.6367926746,4.05958567007,1.61116196174,0.158915917475
gL,12.0,gL_1,3.5,8.85461577118,2.48075183841,1.51310691587,0.0478843480894
gL,12.0,gL_1,4.5,7.19826271005,1.90704688185,1.42443962724,0.0313953483687
gL,12.0,gL_1,5.5,6.09677600983,1.35244006746,1.37755415858,0.0305664319835
gL,12.0,gL_1,6.5,5.41364168569,0.771609855173,1.36766468189,0.022259346381
gL,12.0,gL_1,7.5,5.05565391499,0.458139152746,1.37489984331,0.0202789075295
gL,12.0,gL_1,8.5,4.74770591603,-0.00203908871124,1.45452361981,0.016396996423
gL,12.0,gL_1,9.5,4.67957776971,0.0162333423842,1.4400632094,0.00945729354179
gL,12.0,gL_1,10.5,4.6992209111,-0.0497086864825,1.41527996336,0.0049470355459
gL,12.0,gL_1,11.5,4.65223390725,-0.197111652061,1.35640676111,0.000655032682436
gL,12.0,gL_1,12.5,,,,0.0
gL,12.0,gL_1,13.5,,,,0.0
gL,12.0,gL_1,14.5,,,,0.0
gL,13.0,gL_1,0.5,19.0747519019,5.2984168024,1.7999419592,0.209722618929
gL,13.0,gL_1,1.5,18.2551403972,5.14721543954,1.64203541145,0.215504859741
gL,13.0,gL_1,2.5,14.6159930883,4.18811765545,1.57987429805,0.159145463801
gL,13.0,gL_1,3.5,9.10053443384,2.48840615651,1.51713265684,0.0547065083584
gL,13.0,gL_1,4.5,7.20500913854,1.91082468302,1.42566213946,0.0317136475105
gL,13.0,gL_1,5.5,6.09677600983,1.35244006746,1.37755415858,0.0305664319835
gL,13.0,gL_1,6.5,5.41364168569,0.771609855173,1.36766468189,0.022259346381
gL,13.0,gL_1,7.5,5.05565391499,0.458139152746,1.37489984331,0.0202789075295
gL,13.0,gL_1,8.5,4.74770591603,-0.00203908871124,1.45452361981,0.016396996423
gL,13.0,gL_1,9.5,4.67957776971,0.0162333423842,1.4400632094,0.00945729354179
gL,13.0,gL_1,10.5,4.6992209111,-0.0497086864825,1.41527996336,0.0049470355459
gL,13.0,gL_1,11.5,4.65223390725,-0.197111652061,1.35640676111,0.000655032682436
gL,13.0,gL_1,12.5,,,,0.0
gL,13.0,gL_1,13.5,,,,0.0
gL,13.0,gL_1,14.5,,,,0.0
gL,14.0,gL_1,0.5,20.3022315872,5.47036522608,1.85645491704,0.213279240584
gL,14.0,gL_1,1.5,18.8855774713,5.23297205886,1.63180265805,0.207971538163
gL,14.0,gL_1,2.5,16.18116349,4.61672363525,1.49571117254,0.178943675905
gL,14.0,gL_1,3.5,9.10850173391,2.46731128011,1.53079028008,0.0584797089614
gL,14.0,gL_1,4.5,7.20501614254,1.91071760782,1.42564585506,0.0317200313288
gL,14.0,gL_1,5.5,6.09677600983,1.35244006746,1.37755415858,0.0305664319835
gL,14.0,gL_1,6.5,5.41364168569,0.771609855173,1.36766468189,0.022259346381
gL,14.0,gL_1,7.5,5.05565391499,0.458139152746,1.37489984331,0.0202789075295
gL,14.0,gL_1,8.5,4.74770591603,-0.00203908871124,1.45452361981,0.016396996423
gL,14.0,gL_1,9.5,4.67957776971,0.0162333423842,1.4400632094,0.00945729354179
gL,14.0,gL_1,10.5,4.6992209111,-0.0497086864825,1.41527996336,0.0049470355459
gL,14.0,gL_1,11.5,4.65223390725,-0.197111652061,1.35640676111,0.000655032682436
gL,14.0,gL_1,12.5,,,,0.0
gL,14.0,gL_1,13.5,,,,0.0
gL,14.0,gL_1,14.5,,,,0.0
gL,15.0,gL_1,0.5,20.652512165,5.60074218289,1.79847322876,0.206130386715
gL,15.0,gL_1,1.5,19.5484102225,5.32257858325,1.6184966745,0.195028042868
gL,15.0,gL_1,2.5,17.1565588905,4.87832223259,1.48368497597,0.182807990291
gL,15.0,gL_1,3.5,9.56147211866,2.5463929171,1.50967102922,0.0665342222715
gL,15.0,gL_1,4.5,7.20501614254,1.91071760782,1.42564585506,0.0317200313288
gL,15.0,gL_1,5.5,6.09677600983,1.35244006746,1.37755415858,0.0305664319835
gL,15.0,gL_1,6.5,5.41364168569,0.771609855173,1.36766468189,0.022259346381
gL,15.0,gL_1,7.5,5.05565391499,0.458139152746,1.37489984331,0.0202789075295
gL,15.0,gL_1,8.5,4.74770591603,-0.00203908871124,1.45452361981,0.016396996423
gL,15.0,gL_1,9.5,4.67957776971,0.0162333423842,1.4400632094,0.00945729354179
gL,15.0,gL_1,10.5,4.6992209111,-0.0497086864825,1.41527996336,0.0049470355459
gL,15.0,gL_1,11.5,4.65223390725,-0.197111652061,1.35640676111,0.000655032682436
gL,15.0,gL_1,12.5,,,,0.0
gL,15.0,gL_1,13.5,,,,0.0
gL,15.0,gL_1,14.5,,,,0.0
gL,16.0,gL_1,0.5,21.5871620741,5.8459192909,1.7422483552,0.201846931636
gL,16.0,gL_1,1.5,20.5644422876,5.69380092172,1.60536554918,0.204158097021
gL,16.0,gL_1,2.5,19.0797843444,5.32730488252,1.44707315896,0.191309591553
gL,16.0,gL_1,3.5,10.0343613108,2.87965576623,1.48991442008,0.0833243028174
gL,16.0,gL_1,4.5,7.20501614254,1.91071760782,1.42564585506,0.0317200313288
gL,16.0,gL_1,5.5,6.09677600983,1.35244006746,1.37755415858,0.0305664319835
gL,16.0,gL_1,6.5,5.41364168569,0.771609855173,1.36766468189,0.022259346381
gL,16.0,gL_1,7.5,5.05565391499,0.458139152746,1.37489984331,0.0202789075295
gL,16.0,gL_1,8.5,4.74770591603,-0.00203908871124,1.45452361981,0.016396996423
gL,16.0,gL_1,9.5,4.67957776971,0.0162333423842,1.4400632094,0.00945729354179
gL,16.0,gL_1,10.5,4.6992209111,-0.0497086864825,1.41527996336,0.0049470355459
gL,16.0,gL_1,11.5,4.65223390725,-0.197111652061,1.35640676111,0.000655032682436
gL,16.0,gL_1,12.5,,,,0.0
gL,16.0,gL_1,13.5,,,,0.0
gL,16.0,gL_1,14.5,,,,0.0
gL,17.0,gL_1,0.5,21.6133896246,5.85481215259,1.73491962791,0.203475356078
gL,17.0,gL_1,1.5,21.0619268875,5.94944043563,1.57354684657,0.200162579817
gL,17.0,gL_1,2.5,18.7881093647,5.22857018875,1.43209879582,0.188664676345
gL,17.0,gL_1,3.5,10.8896100595,3.04742276766,1.48280893341,0.0815592293843
gL,17.0,gL_1,4.5,7.20501614254,1.91071760782,1.42564585506,0.0317200313288
gL,17.0,gL_1,5.5,6.09677600983,1.35244006746,1.37755415858,0.0305664319835
gL,17.0,gL_1,6.5,5.41364168569,0.771609855173,1.36766468189,0.022259346381
gL,17.0,gL_1,7.5,5.05565391499,0.458139152746,1.37489984331,0.0202789075295
gL,17.0,gL_1,8.5,4.74770591603,-0.00203908871124,1.45452361981,0.016396996423
gL,17.0,gL_1,9.5,4.67957776971,0.0162333423842,1.4400632094,0.00945729354179
gL,17.0,gL_1,10.5,4.6992209111,-0.0497086864825,1.41527996336,0.0049470355459
gL,17.0,gL_1,11.5,4.65223390725,-0.197111652061,1.35640676111,0.000655032682436
gL,17.0,gL_1,12.5,,,,0.0
gL,17.0,gL_1,13.5,,,,0.0
gL,17.0,gL_1,14.5,,,,0.0
gL,18.0,gL_1,0.5,22.6616732649,6.05647203244,1.76395891372,0.200982888309
gL,18.0,gL_1,1.5,21.9279742395,5.95643855911,1.56952044222,0.197419441153
gL,18.0,gL_1,2.5,20.4372818447,5.70240791113,1.43186432877,0.185251268265
gL,18.0,gL_1,3.5,11.8567024599,3.35143947405,1.46574176514,0.0923851154428
gL,18.0,gL_1,4.5,7.20501614254,1.91071760782,1.42564585506,0.0317200313288
gL,18.0,gL_1,5.5,6.09677600983,1.35244006746,1.37755415858,0.0305664319835
gL,18.0,gL_1,6.5,5.41364168569,0.771609855173,1.36766468189,0.022259346381
gL,18.0,gL_1,7.5,5.05565391499,0.458139152746,1.37489984331,0.0202789075295
gL,18.0,gL_1,8.5,4.74770591603,-0.00203908871124,1.45452361981,0.016396996423
gL,18.0,gL_1,9.5,4.67957776971,0.0162333423842,1.4400632094,0.00945729354179
gL,18.0,gL_1,10.5,4.6992209111,-0.0497086864825,1.41527996336,0.0049470355459
gL,18.0,gL_1,11.5,4.65223390725,-0.197111652061,1.35640676111,0.000655032682436
gL,18.0,gL_1,12.5,,,,0.0
gL,18.0,gL_1,13.5,,,,0.0
gL,18.0,gL_1,14.5,,,,0.0
gL,19.0,gL_1,0.5,22.9185459846,6.28986103983,1.73658250271,0.201933340832
gL,19.0,gL_1,1.5,21.9378881755,6.03783496485,1.52116596548,0.193922428504
gL,19.0,gL_1,2.5,21.0938324989,5.80870927714,1.41664315758,0.185502037402
gL,19.0,gL_1,3.5,11.8901165181,3.26425072664,1.47860558084,0.085644480042
gL,19.0,gL_1,4.5,7.20501614254,1.91071760782,1.42564585506,0.0317200313288
gL,19.0,gL_1,5.5,6.09677600983,1.35244006746,1.37755415858,0.0305664319835
gL,19.0,gL_1,6.5,5.41364168569,0.771609855173,1.36766468189,0.022259346381
gL,19.0,gL_1,7.5,5.05565391499,0.458139152746,1.37489984331,0.0202789075295
gL,19.0,gL_1,8.5,4.74770591603,-0.00203908871124,1.45452361981,0.016396996423
gL,19.0,gL_1,9.5,4.67957776971,0.0162333423842,1.4400632094,0.00945729354179
gL,19.0,gL_1,10.5,4.6992209111,-0.0497086864825,1.41527996336,0.0049470355459
gL,19.0,gL_1,11.5,4.65223390725,-0.197111652061,1.35640676111,0.000655032682436
gL,19.0,gL_1,12.5,,,,0.0
gL,19.0,gL_1,13.5,,,,0.0
gL,19.0,gL_1,14.5,,,,0.0
gL,20.0,gL_1,0.5,23.46187176,6.54200822791,1.76837143885,0.203156425381
gL,20.0,gL_1,1.5,23.4465492025,6.42776148132,1.52343301627,0.199802652164
gL,20.0,gL_1,2.5,21.4570084974,5.93163583214,1.40049507217,0.186042709355
gL,20.0,gL_1,3.5,12.39160556,3.33772728314,1.48564452732,0.0929038480849
gL,20.0,gL_1,4.5,7.20501614254,1.91071760782,1.42564585506,0.0317200313288
gL,20.0,gL_1,5.5,6.09677600983,1.35244006746,1.37755415858,0.0305664319835
gL,20.0,gL_1,6.5,5.41364168569,0.771609855173,1.36766468189,0.022259346381
gL,20.0,gL_1,7.5,5.05565391499,0.458139152746,1.37489984331,0.0202789075295
gL,20.0,gL_1,8.5,4.74770591603,-0.00203908871124,1.45452361981,0.016396996423
gL,20.0,gL_1,9.5,4.67957776971,0.0162333423842,1.4400632094,0.00945729354179
gL,20.0,gL_1,10.5,4.6992209111,-0.0497086864825,1.41527996336,0.0049470355459
gL,20.0,gL_1,11.5,4.65223390725,-0.197111652061,1.35640676111,0.000655032682436
gL,20.0,gL_1,12.5,,,,0.0
gL,20.0,gL_1,13.5,,,,0.0
gL,20.0,gL_1,14.5,,,,0.0
gL,21.0,gL_1,0.5,23.6852860707,6.52529807127,1.74089493514,0.207249918704
gL,21.0,gL_1,1.5,23.54159694,6.47703257702,1.51984788771,0.20401620983
gL,21.0,gL_1,2.5,22.0952774214,5.94091449294,1.37498716448,0.199117627422
gL,21.0,gL_1,3.5,12.6590034075,3.49565252788,1.47825170126,0.0995631150157
gL,21.0,gL_1,4.5,7.20501614254,1.91071760782,1.42564585506,0.0317200313288
gL,21.0,gL_1,5.5,6.09677600983,1.35244006746,1.37755415858,0.0305664319835
gL,21.0,gL_1,6.5,5.41364168569,0.771609855173,1.36766468189,0.022259346381
gL,21.0,gL_1,7.5,5.05565391499,0.458139152746,1.37489984331,0.0202789075295
gL,21.0,gL_1,8.5,4.74770591603,-0.00203908871124,1.45452361981,0.016396996423
gL,21.0,gL_1,9.5,4.67957776971,0.0162333423842,1.4400632094,0.00945729354179
gL,21.0,gL_1,10.5,4.6992209111,-0.0497086864825,1.41527996336,0.0049470355459
gL,21.0,gL_1,11.5,4.65223390725,-0.197111652061,1.35640676111,0.000655032682436
gL,21.0,gL_1,12.5,,,,0.0
gL,21.0,gL_1,13.5,,,,0.0
gL,21.0,gL_1,14.5,,,,0.0
gL,22.0,gL_1,0.5,24.1378937351,6.5885158242,1.72032970462,0.203604245252
gL,22.0,gL_1,1.5,23.0281657054,6.06272628066,1.47374950074,0.198226400362
gL,22.0,gL_1,2.5,23.0492808725,6.22346703326,1.36324441769,0.184894815177
gL,22.0,gL_1,3.5,12.6026740502,3.45685169603,1.46788693447,0.0910824849341
gL,22.0,gL_1,4.5,7.20501614254,1.91071760782,1.42564585506,0.0317200313288
gL,22.0,gL_1,5.5,6.09677600983,1.35244006746,1.37755415858,0.0305664319835
gL,22.0,gL_1,6.5,5.41364168569,0.771609855173,1.36766468189,0.022259346381
gL,22.0,gL_1,7.5,5.05565391499,0.458139152746,1.37489984331,0.0202789075295
gL,22.0,gL_1,8.5,4.74770591603,-0.00203908871124,1.45452361981,0.016396996423
gL,22.0,gL_1,9.5,4.67957776971,0.0162333423842,1.4400632094,0.00945729354179
gL,22.0,gL_1,10.5,4.6992209111,-0.0497086864825,1.41527996336,0.0049470355459
gL,22.0,gL_1,11.5,4.65223390725,-0.197111652061,1.35640676111,0.000655032682436
gL,22.0,gL_1,12.5,,,,0.0
gL,22.0,gL_1,13.5,,,,0.0
gL,22.0,gL_1,14.5,,,,0.0
gL,23.0,gL_1,0.5,23.9522822815,6.50432519036,1.77278527974,0.211809956364
gL,23.0,gL_1,1.5,23.7538090543,6.3770524698,1.52493754973,0.202621424105
gL,23.0,gL_1,2.5,22.9018248367,6.13934466036,1.38653435869,0.197037486482
gL,23.0,gL_1,3.5,12.8139442358,3.60471327549,1.50235047414,0.0932032551095
gL,23.0,gL_1,4.5,7.20501614254,1.91071760782,1.42564585506,0.0317200313288
gL,23.0,gL_1,5.5,6.09677600983,1.35244006746,1.37755415858,0.0305664319835
gL,23.0,gL_1,6.5,5.41364168569,0.771609855173,1.36766468189,0.022259346381
gL,23.0,gL_1,7.5,5.05565391499,0.458139152746,1.37489984331,0.0202789075295
gL,23.0,gL_1,8.5,4.74770591603,-0.00203908871124,1.45452361981,0.016396996423
gL,23.0,gL_1,9.5,4.67957776971,0.0162333423842,1.4400632094,0.00945729354179
gL,23.0,gL_1,10.5,4.6992209111,-0.0497086864825,1.41527996336,0.0049470355459
gL,23.0,gL_1,11.5,4.65223390725,-0.197111652061,1.35640676111,0.000655032682436
gL,23.0,gL_1,12.5,,,,0.0
gL,23.0,gL_1,13.5,,,,0.0
gL,23.0,gL_1,14.5,,,,0.0
gL,24.0,gL_1,0.5,23.6687664937,6.48133966949,1.76747732585,0.199244286482
gL,24.0,gL_1,1.5,23.6579377226,6.29440868609,1.52440309055,0.210666193959
gL,24.0,gL_1,2.5,23.4031347564,6.18111700458,1.38437901828,0.196898421019
gL,24.0,gL_1,3.5,12.8336111714,3.51752141727,1.49738199474,0.0883872016646
gL,24.0,gL_1,4.5,7.20501614254,1.91071760782,1.42564585506,0.0317200313288
gL,24.0,gL_1,5.5,6.09677600983,1.35244006746,1.37755415858,0.0305664319835
gL,24.0,gL_1,6.5,5.41364168569,0.771609855173,1.36766468189,0.022259346381
gL,24.0,gL_1,7.5,5.05565391499,0.458139152746,1.37489984331,0.0202789075295
gL,24.0,gL_1,8.5,4.74770591603,-0.00203908871124,1.45452361981,0.016396996423
gL,24.0,gL_1,9.5,4.67957776971,0.0162333423842,1.4400632094,0.00945729354179
gL,24.0,gL_1,10.5,4.6992209111,-0.0497086864825,1.41527996336,0.0049470355459
gL,24.0,gL_1,11.5,4.65223390725,-0.197111652061,1.35640676111,0.000655032682436
gL,24.0,gL_1,12.5,,,,0.0
gL,24.0,gL_1,13.5,,,,0.0
gL,24.0,gL_1,14.5,,,,0.0
gL,25.0,gL_1,0.5,23.7609273034,6.4545990064,1.76215096697,0.178016633112
gL,25.0,gL_1,1.5,23.8840946474,6.26313059773,1.55906535374,0.198081423441
gL,25.0,gL_1,2.5,23.4364396168,6.22147080539,1.40734062604,0.192584706949
gL,25.0,gL_1,3.5,13.143908191,3.62110473579,1.51713966865,0.0805894159783
gL,25.0,gL_1,4.5,7.20501614254,1.91071760782,1.42564585506,0.0317200313288
gL,25.0,gL_1,5.5,6.09677600983,1.35244006746,1.37755415858,0.0305664319835
gL,25.0,gL_1,6.5,5.41364168569,0.771609855173,1.36766468189,0.022259346381
gL,25.0,gL_1,7.5,5.05565391499,0.458139152746,1.37489984331,0.0202789075295
gL,25.0,gL_1,8.5,4.74770591603,-0.00203908871124,1.45452361981,0.016396996423
gL,25.0,gL_1,9.5,4.67957776971,0.0162333423842,1.4400632094,0.00945729354179
gL,25.0,gL_1,10.5,4.6992209111,-0.0497086864825,1.41527996336,0.0049470355459
gL,25.0,gL_1,11.5,4.65223390725,-0.197111652061,1.35640676111,0.000655032682436
gL,25.0,gL_1,12.5,,,,0.0
gL,25.0,gL_1,13.5,,,,0.0
gL,25.0,gL_1,14.5,,,,0.0
gL,26.0,gL_1,0.5,24.1297723588,6.32322587399,1.78111345239,0.166791417146
gL,26.0,gL_1,1.5,23.5563425248,6.31766592182,1.56649451169,0.204181389376
gL,26.0,gL_1,2.5,23.3569545096,6.09911069375,1.39302894289,0.187148281012
gL,26.0,gL_1,3.5,13.0242005521,3.61295047198,1.48755555532,0.082927567001
gL,26.0,gL_1,4.5,7.20501614254,1.91071760782,1.42564585506,0.0317200313288
gL,26.0,gL_1,5.5,6.09677600983,1.35244006746,1.37755415858,0.0305664319835
gL,26.0,gL_1,6.5,5.41364168569,0.771609855173,1.36766468189,0.022259346381
gL,26.0,gL_1,7.5,5.05565391499,0.458139152746,1.37489984331,0.0202789075295
gL,26.0,gL_1,8.5,4.74770591603,-0.00203908871124,1.45452361981,0.016396996423
gL,26.0,gL_1,9.5,4.67957776971,0.0162333423842,1.4400632094,0.00945729354179
gL,26.0,gL_1,10.5,4.6992209111,-0.0497086864825,1.41527996336,0.0049470355459
gL,26.0,gL_1,11.5,4.65223390725,-0.197111652061,1.35640676111,0.000655032682436
gL,26.0,gL_1,12.5,,,,0.0
gL,26.0,gL_1,13.5,,,,0.0
gL,26.0,gL_1,14.5,,,,0.0
gL,27.0,gL_1,0.5,25.0428417876,6.66921462828,1.80236998937,0.18473880788
gL,27.0,gL_1,1.5,23.7823135615,6.29368206626,1.54615573564,0.19549955067
gL,27.0,gL_1,2.5,23.1293832947,6.02550079692,1.39043765254,0.187320809509
gL,27.0,gL_1,3.5,13.1884632413,3.57104689116,1.5086281884,0.0890103118244
gL,27.0,gL_1,4.5,7.20501614254,1.91071760782,1.42564585506,0.0317200313288
gL,27.0,gL_1,5.5,6.09677600983,1.35244006746,1.37755415858,0.0305664319835
gL,27.0,gL_1,6.5,5.41364168569,0.771609855173,1.36766468189,0.022259346381
gL,27.0,gL_1,7.5,5.05565391499,0.458139152746,1.37489984331,0.0202789075295
gL,27.0,gL_1,8.5,4.74770591603,-0.00203908871124,1.45452361981,0.016396996423
gL,27.0,gL_1,9.5,4.67957776971,0.0162333423842,1.4400632094,0.00945729354179
gL,27.0,gL_1,10.5,4.6992209111,-0.0497086864825,1.41527996336,0.0049470355459
gL,27.0,gL_1,11.5,4.65223390725,-0.197111652061,1.35640676111,0.000655032682436
gL,27.0,gL_1,12.5,,,,0.0
gL,27.0,gL_1,13.5,,,,0.0
gL,27.0,gL_1,14.5,,,,0.0
